risk,train_f1,test_f1,gap,precision,recall,auc,avg_precision,threshold,model
crane_risk,0.9367088607594937,0.5584415584415584,0.37826730231793526,0.4174757281553398,0.8431372549019608,0.9886290942596733,0.4333348072788197,0.6498179804508742,LogisticRegression
freeze_risk,0.99,0.9446808510638298,0.04531914893617017,0.925,0.9652173913043478,0.9996112563187433,0.9896560385404255,0.38070488572120664,XGBoost
heat_risk,0.9877551020408163,0.8493150684931506,0.13844003354766565,0.9117647058823529,0.7948717948717948,0.9963184605876201,0.9339404891032481,0.4878696799278259,XGBoost
flood_risk,0.9943502824858758,0.9683257918552036,0.026024490630672137,0.9553571428571429,0.981651376146789,0.9997666600530395,0.9932293539968317,0.3719165935378184,LogisticRegression
